id,name
1,Alice Wojcik
2,Maria Szymanski
3,Grzegorz Davis
4,David Brown
5,Rafal Thompson
6,Kasia Nowakowski
7,Krzysztof Johnson
8,Maria Wisniewski
9,Marcin Davis
10,Grace Lewis
11,Maria Grabowski
12,Laura Thompson
13,Julia Davis
14,Nina Nowakowski
15,Agnieszka Smith
16,Iris Garcia
17,Ella Mazur
18,Adam Szymanski
19,Piotr Lewandowski
20,Iris Dabrowski
21,Michael Wisniewski
22,Susan Brown
23,Linda Thomas
24,Nora Martinez
25,John Kwiatkowski
26,Helen Wojcik
27,Susan Wisniewski
28,Karol Anderson
29,Alice Pawlak
30,Wojciech Clark
31,Laura Williams
32,John Davis
33,Bruno Anderson
34,Kasia Davis
35,Michael Moore
36,Agnieszka Kwiatkowski
37,Alice Kozlowski
38,Sarah Kozlowski
39,Linda Lewandowski
40,Kate Szymanski
41,Ella Williams
42,Nora Garcia
43,Helen Zielinski
44,Sarah Kwiatkowski
45,Susan Szymanski
46,Alice Grabowski
47,Emily Taylor
48,Bruno Nowak
49,Emily Johnson
50,Rachel Jankowski
