id,title,author_id
1,Echoes of Star,1
2,Songs of Harbor,1
3,Gates of Mountain,1
4,The Eternal Flame,1
5,Winds of City,2
6,Echoes of City,2
7,The Forgotten Desert,2
8,The Lost Garden,2
9,Ashes of Shadow,3
10,Ashes of Flame,3
11,The Broken Ocean,3
12,The Hidden Bridge,3
13,The Eternal Star,4
14,The Last Forest,4
15,The Hidden Empire,4
16,The Crimson Moon,4
17,Whispers of the Flame,5
18,Legends of the Moon,5
19,Winds of Bridge,5
20,Echoes of Desert,5
21,Shadows over Forest,6
22,The Lost Garden,6
23,Gates of Forest,6
24,The Silent Shadow,6
25,Beyond the Crown,7
26,Shadows over Garden,7
27,Secrets of the Empire,7
28,Secrets of the Forest,7
29,The Silent Bridge,8
30,The Golden Mountain,8
31,The Hidden Storm,8
32,Beyond the Desert,8
33,Secrets of the Kingdom,9
34,The Golden Valley,9
35,The Eternal Kingdom,9
36,Chronicles of Storm,9
37,The Silent Ocean,10
38,The Last Ocean,10
39,Ashes of Star,10
40,Whispers of the Island,10
41,Whispers of the Desert,11
42,The Hidden City,11
43,The Eternal Desert,11
44,Beyond the Garden,11
45,Secrets of the Moon,12
46,The Crimson Mountain,12
47,The Lost Mountain,12
48,The Silent Flame,12
49,The Broken Crown,13
50,Secrets of the Crown,13
51,Chronicles of Ocean,13
52,The Forgotten Star,13
53,Gates of Kingdom,14
54,Ashes of Desert,14
55,The Forgotten Harbor,14
56,The Forgotten Kingdom,14
57,Whispers of the River,15
58,The Forgotten Star,15
59,The Last Valley,15
60,Whispers of the Bridge,15
61,The Forgotten Garden,16
62,The Eternal Mountain,16
63,The Lost City,16
64,Ashes of Harbor,16
65,The Eternal Ocean,17
66,The Eternal Shadow,17
67,Songs of Forest,17
68,Chronicles of Shadow,17
69,The Broken Shadow,18
70,The Crimson Crown,18
71,The Last Forest,18
72,The Last Flame,18
73,Gates of Forest,19
74,The Forgotten Mountain,19
75,Songs of Desert,19
76,Winds of City,19
77,The Crimson Empire,20
78,Echoes of Crown,20
79,The Forgotten Star,20
80,Winds of Desert,20
81,Chronicles of River,21
82,The Lost Kingdom,21
83,Whispers of the Ocean,21
84,Beyond the Shadow,21
85,The Eternal Island,22
86,Songs of Flame,22
87,The Last Empire,22
88,Legends of the Kingdom,22
89,Legends of the Garden,23
90,Winds of Tower,23
91,The Crimson Desert,23
92,The Eternal City,23
93,Songs of Tower,24
94,Songs of River,24
95,Ashes of Desert,24
96,The Last Valley,24
97,The Last River,25
98,Ashes of Island,25
99,Secrets of the Bridge,25
100,Beyond the River,25
101,Secrets of the Star,26
102,Beyond the Star,26
103,The Golden Star,26
104,The Forgotten Flame,26
105,Chronicles of Harbor,27
106,The Forgotten Harbor,27
107,The Golden River,27
108,The Golden Star,27
109,The Crimson Harbor,28
110,Ashes of Bridge,28
111,Gates of Garden,28
112,Songs of Valley,28
113,The Forgotten Garden,29
114,Legends of the City,29
115,The Silent Crown,29
116,Gates of Star,29
117,Shadows over Crown,30
118,The Golden Harbor,30
119,Chronicles of Star,30
120,The Lost Mountain,30
121,Secrets of the Garden,31
122,The Hidden Storm,31
123,Whispers of the Ocean,31
124,The Broken Tower,31
125,Beyond the Crown,32
126,The Lost Tower,32
127,The Golden Bridge,32
128,Shadows over Desert,32
129,The Silent Forest,33
130,The Hidden Garden,33
131,Chronicles of Forest,33
132,The Lost City,33
133,Echoes of Tower,34
134,The Golden Mountain,34
135,Gates of Mountain,34
136,Echoes of Bridge,34
137,The Eternal Garden,35
138,The Last Star,35
139,The Crimson Garden,35
140,The Last Kingdom,35
141,Gates of City,36
142,Echoes of Empire,36
143,Winds of Desert,36
144,The Crimson Desert,36
145,Shadows over Forest,37
146,Whispers of the City,37
147,The Lost River,37
148,The Broken Harbor,37
149,The Lost City,38
150,The Crimson City,38
151,The Last Tower,38
152,The Broken River,38
153,The Broken Mountain,39
154,The Forgotten Forest,39
155,The Broken Desert,39
156,The Crimson Moon,39
157,The Hidden Ocean,40
158,Beyond the Empire,40
159,The Crimson Kingdom,40
160,Beyond the Valley,40
161,The Crimson Ocean,41
162,Echoes of Empire,41
163,Chronicles of Flame,41
164,The Last Island,41
165,The Forgotten Mountain,42
166,Winds of Storm,42
167,The Silent Ocean,42
168,The Forgotten Kingdom,42
169,Songs of Flame,43
170,Gates of Garden,43
171,Whispers of the Garden,43
172,The Broken Bridge,43
173,Legends of the Desert,44
174,Gates of Kingdom,44
175,Chronicles of Garden,44
176,Beyond the Harbor,44
177,Echoes of River,45
178,Chronicles of Moon,45
179,The Crimson Storm,45
180,Gates of Shadow,45
181,The Golden Bridge,46
182,Chronicles of Flame,46
183,Ashes of Mountain,46
184,Echoes of River,46
185,The Crimson Kingdom,47
186,Secrets of the Desert,47
187,Songs of Storm,47
188,The Crimson Star,47
189,Gates of Moon,48
190,Gates of Forest,48
191,The Silent Bridge,48
192,The Silent Shadow,48
193,Gates of Flame,49
194,The Silent Desert,49
195,The Hidden Mountain,49
196,The Crimson Flame,49
197,Beyond the Moon,50
198,Ashes of Tower,50
199,Legends of the Desert,50
200,Shadows over Tower,50
